Symbol,Exchange,Shortname,Longname,Sector,Industry,Currentprice,Marketcap,Ebitda,Revenuegrowth,City,State,Country,Fulltimeemployees,Longbusinesssummary,Weight
DIS,NYQ,Walt Disney Company (The),The Walt Disney Company,Communication Services,Entertainment,85.96,156708519936,16149999616.0,0.012,Burbank,CA,United States,173250.0,"The Walt Disney Company operates as an entertainment company worldwide. It operates through three segments: Entertainment, Sports, and Experiences. The company produces and distributes film and television video streaming content under the ABC Television Network, Disney, Freeform, FX, Fox, National Geographic, and Star brand television channels, as well as ABC television stations and A+E television networks; and produces original content under the ABC Signature, Disney Branded Television, FX Productions, Lucasfilm, Marvel, National Geographic Studios, Pixar, Searchlight Pictures, Twentieth Century Studios, 20th Television, and Walt Disney Pictures banners. It also offers direct-to-consumer streaming services through Disney+, Disney+ Hotstar, Hulu, and Star+; sports-related entertainment services through ESPN, ESPN on ABC, ESPN+ DTC, and Star; sale/licensing of film and episodic content to third-party television and VOD services; theatrical, home entertainment, and music distribution services; DVD and Blu-ray discs, electronic home video licenses, and VOD rental services; staging and licensing of live entertainment events; and post-production services. In addition, the company operates theme parks and resorts comprising Walt Disney World Resort, Disneyland Resort, Disneyland Paris, Hong Kong Disneyland Resort, Shanghai Disney Resort, Disney Cruise Line, Disney Vacation Club, National Geographic Expeditions, and Adventures by Disney, as well as Aulani, a Disney resort and spa in Hawaii. It also licenses its intellectual property to a third party for operations of the Tokyo Disney Resort; licenses trade names, characters, visual, literary, and other IP for use on merchandise, published materials, and games; operates a direct-to-home satellite distribution platform; sells branded merchandise through retail, online, and wholesale businesses; and develops and publishes books, comic books, and magazines. The company was founded in 1923 and is based in Burbank, California.",0.0032395890533143
UHS,NYQ,"Universal Health Services, Inc.","Universal Health Services, Inc.",Healthcare,Medical Care Facilities,212.07,14193676288,2012871936.0,0.101,King of Prussia,PA,United States,96700.0,"Universal Health Services, Inc., through its subsidiaries, owns and operates acute care hospitals, and outpatient and behavioral health care facilities. It operates through Acute Care Hospital Services and Behavioral Health Care Services segments. The company's hospitals offer general and specialty surgery, internal medicine, obstetrics, emergency room care, radiology, oncology, diagnostic and coronary care, pediatric services, pharmacy services, and/or behavioral health services. It also provides commercial health insurance services; and various management services, which include central purchasing, information, finance and control systems, facilities planning, physician recruitment, administrative personnel management, marketing, and public relations services. Universal Health Services, Inc. founded in 1978 and is headquartered in King of Prussia, Pennsylvania.",0.0002934216872679
GOOGL,NMS,Alphabet Inc.,Alphabet Inc.,Communication Services,Internet Content & Information,158.94,1968996352000,115478003712.0,0.136,Mountain View,CA,United States,179582.0,"Alphabet Inc. offers various products and platforms in the United States, Europe, the Middle East, Africa, the Asia-Pacific, Canada, and Latin America. It operates through Google Services, Google Cloud, and Other Bets segments. The Google Services segment provides products and services, including ads, Android, Chrome, devices, Gmail, Google Drive, Google Maps, Google Photos, Google Play, Search, and YouTube. It is also involved in the sale of apps and in-app purchases and digital content in the Google Play and YouTube; and devices, as well as in the provision of YouTube consumer subscription services. The Google Cloud segment offers infrastructure, cybersecurity, databases, analytics, AI, and other services; Google Workspace that include cloud-based communication and collaboration tools for enterprises, such as Gmail, Docs, Drive, Calendar, and Meet; and other services for enterprise customers. The Other Bets segment sells healthcare-related and internet services. The company was incorporated in 1998 and is headquartered in Mountain View, California.",0.0407044813553222
LOW,NYQ,"Lowe's Companies, Inc.","Lowe's Companies, Inc.",Consumer Cyclical,Home Improvement Retail,231.59,131968090112,12764000256.0,-0.044,Mooresville,NC,United States,300000.0,"Lowe's Companies, Inc., together with its subsidiaries, operates as a home improvement retailer in the United States. The company offers a line of products for construction, maintenance, repair, remodeling, and decorating. It also provides home improvement products, such as appliances, seasonal and outdoor living, lawn and garden, lumber, kitchens and bath, tools, paint, millwork, hardware, flooring, rough plumbing, building materials, décor, and electrical. In addition, the company offers installation services through independent contractors in various product categories; and extended protection plans and repair services. It sells its national brand-name merchandise and private brand products to professional customers, homeowners, renters, businesses, and government. The company also sells its products through Lowes.com website; and through mobile applications. Lowe's Companies, Inc. was founded in 1921 and is based in Mooresville, North Carolina.",0.0027281374381446
BSX,NYQ,Boston Scientific Corporation,Boston Scientific Corporation,Healthcare,Medical Devices,73.78,108650643456,3948000000.0,0.145,Marlborough,MA,United States,48000.0,"Boston Scientific Corporation develops, manufactures, and markets medical devices for use in various interventional medical specialties worldwide. It operates through two segments, MedSurg and Cardiovascular. The company offers devices to diagnose and treat gastrointestinal and pulmonary conditions, such as resolution clips, biliary stent systems, stents and electrocautery enhanced delivery systems, direct visualization systems, digital catheters, and single-use duodenoscopes; devices to treat urological conditions, including ureteral stents, catheters, baskets, guidewires, sheaths, balloons, single-use digital flexible ureteroscopes, holmium laser systems, artificial urinary sphincter, laser system, fiber, and hydrogel systems; and devices to treat neurological movement disorders and manage chronic pain, such as spinal cord stimulator system, proprietary programming software, radiofrequency generator, indirect decompression systems, practice optimization tools, and deep brain stimulation system. It also provides technologies for diagnosing and treating coronary artery disease and aortic valve conditions; WATCHMAN FLX, a Left Atrial Appendage Closure Device; and implantable devices that monitor the heart and deliver electricity to treat cardiac abnormalities, such as cardioverter and cardiac resynchronization therapy defibrillators, MRI S-ICD systems, cardiac resynchronization therapy pacemakers, quadripolar LV leads, ICD leads, pacing leads, remote patient management systems, insertable cardiac monitor systems, and remote cardiac monitoring systems. In addition, the company offers diagnosis and treatment of rate and rhythm disorders of the heart; peripheral arterial and venous diseases; and products to diagnose, treat and ease forms of cancer. The company was incorporated in 1979 and is headquartered in Marlborough, Massachusetts.",0.0022461027346781
HPE,NYQ,Hewlett Packard Enterprise Comp,Hewlett Packard Enterprise Company,Technology,Communication Equipment,16.72,21730482176,4893000192.0,0.033,Spring,TX,United States,62000.0,"Hewlett Packard Enterprise Company provides solutions that allow customers to capture, analyze, and act upon data seamlessly in the Americas, Europe, the Middle East, Africa, the Asia Pacific, and Japan. It operates in six segments: Compute, HPC & AI, Storage, Intelligent Edge, Financial Services, and Corporate Investments and Other. The company offers general purpose servers for multi-workload computing and workload-optimized servers; HPE ProLiant rack and tower servers; HPE Synergy; HPE Alletra, HPE GreenLake, Zerto, HPE InfoSight, and HPE CloudPhysics storage products; HPE Cray EX, HPE Cray XD, and converged edge systems; and HPE Superdome Flex, HPE Nonstop, and HPE Integrity products. It also provides HPE Aruba products that includes hardware products, such as Wi-Fi access points, switches, and gateways; HPE Aruba Networking software and services comprising cloud-based management, network management and access control, analytics and assurance, software-defined wide-area networking, network security, analytics and assurance, and location services software; and professional and support services, as well as as-a-service and consumption models. In addition, the company offers leasing, financing, IT consumption, and utility programs and asset management services for customers to facilitate technology deployment models and the acquisition of various IT solutions, including hardware, software, and services from Hewlett Packard Enterprise and others; consultative-led services; HPE Ezmeral Container Platform; HPE Ezmeral Software Container Platform and HPE Ezmeral Software Data Fabric; OpsRamp; and Hewlett Packard Labs. It serves commercial and large enterprise groups, such as business and public sector enterprises; and through various partners comprising resellers, distribution partners, original equipment manufacturers, independent software vendors, systems integrators, and advisory firms. The company was founded in 1939 and is headquartered in Spring, Texas.",0.0004492278544227
CEG,NMS,Constellation Energy Corporatio,Constellation Energy Corporation,Utilities,Utilities - Renewable,179.66,56177704960,5552000000.0,0.005,Baltimore,MD,United States,13871.0,"Constellation Energy Corporation generates and sells electricity in the United States. It operates through five segments: Mid-Atlantic, Midwest, New York, ERCOT, and Other Power Regions. The company sells natural gas, energy-related products, and sustainable solutions. It has approximately 33,094 megawatts of generating capacity consisting of nuclear, wind, solar, natural gas, and hydroelectric assets. It serves distribution utilities; municipalities; cooperatives; and commercial, industrial, governmental, and residential customers. The company was incorporated in 2021 and is headquartered in Baltimore, Maryland.",0.0011613451400285
EOG,NYQ,"EOG Resources, Inc.","EOG Resources, Inc.",Energy,Oil & Gas E&P,123.12,70006030336,13500000256.0,0.104,Houston,TX,United States,3050.0,"EOG Resources, Inc., together with its subsidiaries, explores for, develops, produces, and markets crude oil, natural gas liquids, and natural gas primarily in producing basins in the United States, the Republic of Trinidad and Tobago and internationally. The company was formerly known as Enron Oil & Gas Company. EOG Resources, Inc. was incorporated in 1985 and is headquartered in Houston, Texas.",0.0014472140355554
SBAC,NMS,SBA Communications Corporation,SBA Communications Corporation,Real Estate,REIT - Specialty,214.98,23104329728,1795693056.0,-0.027,Boca Raton,FL,United States,1787.0,"SBA Communications Corporation is a leading independent owner and operator of wireless communications infrastructure including towers, buildings, rooftops, distributed antenna systems (DAS) and small cells. With a portfolio of more than 39,000 communications sites throughout the Americas, Africa and in Asia, SBA is listed on NASDAQ under the symbol SBAC. Our organization is part of the S&P 500 and is one of the top Real Estate Investment Trusts (REITs) by market capitalization.",0.0004776290000158
STT,NYQ,State Street Corporation,State Street Corporation,Financial Services,Asset Management,76.48,22838458368,,0.017,Boston,MA,United States,52568.0,"State Street Corporation, through its subsidiaries, provides a range of financial products and services to institutional investors worldwide. The company offers investment servicing products and services, including custody, accounting, regulatory reporting, investor, and performance and analytics; middle office products, such as IBOR, transaction management, loans, cash, derivatives and collateral, record keeping, and client reporting and investment analytics; finance leasing; foreign exchange, and brokerage and other trading services; securities finance and enhanced custody products; deposit and short-term investment facilities; investment manager and alternative investment manager operations outsourcing; performance, risk, and compliance analytics; and financial data management to support institutional investors. It also engages in the provision of portfolio management and risk analytics, as well as trading and post-trade settlement services with integrated compliance and managed data. In addition, the company offers investment management strategies and products, such as core and enhanced indexing, multi-asset strategies, active quantitative and fundamental active capabilities, and alternative investment strategies. Further, it provides services and solutions, including environmental, social, and governance investing; defined benefit and defined contribution; and global fiduciary solutions, as well as exchange-traded funds under the SPDR ETF brand. The company provides its products and services to mutual funds, collective investment funds, UCITS, hedge funds and other investment pools, corporate and public retirement plans, insurance companies, foundations, endowments, and investment managers. State Street Corporation was founded in 1792 and is headquartered in Boston, Massachusetts.",0.0004721327197383
DVN,NYQ,Devon Energy Corporation,Devon Energy Corporation,Energy,Oil & Gas E&P,43.17,27092281344,7456999936.0,0.164,Oklahoma City,OK,United States,1900.0,"Devon Energy Corporation, an independent energy company, engages in the exploration, development, and production of oil, natural gas, and natural gas liquids in the United States. It operates in Delaware, Eagle Ford, Anadarko, Williston, and Powder River Basins. The company was founded in 1971 and is headquartered in Oklahoma City, Oklahoma.",0.0005600707485922
VRTX,NMS,Vertex Pharmaceuticals Incorpor,Vertex Pharmaceuticals Incorporated,Healthcare,Biotechnology,465.89,120247148544,4394899968.0,0.061,Boston,MA,United States,5400.0,"Vertex Pharmaceuticals Incorporated, a biotechnology company, engages in developing and commercializing therapies for treating cystic fibrosis (CF). It markets TRIKAFTA/KAFTRIO for people with CF with at least one F508del mutation for 2 years of age or older; SYMDEKO/SYMKEVI for people with CF for 6 years of age or older;  ORKAMBI for CF patients 1 year or older; and KALYDECO for the treatment of patients with 1 year or older who have CF with ivacaftor. The company's pipeline includes VX-522, a CFTR mRNA therapeutic designed to treat the underlying cause of CF, which is in Phase 1 clinical trial; VX-548, a non-opioid medicine for the treatment of acute and neuropathic pain which is in Phase 3 clinical trial; Exa-cel, for the treatment of sickle cell disease and transfusion-dependent beta thalassemia which is in Phase 2/3 clinical trial. In addition, it provides inaxaplin for the treatment of APOL1-mediated focal segmental glomerulosclerosis and co-morbidities, such as hypertension which is in single Phase 2/3; VX- 880 and VX-264, treatment for Type 1 Diabetes which is in Phase 1/2 clinical trial;  VX-970, which is in Phase 2 clinical trial for the treatment of cancer; and VX-803 and VX-984 for treatment of cancer in Phase 1 clinical trial. Further, it sells the products to specialty pharmacy and specialty distributors in the United States, as well as retail pharmacies, hospitals, and clinics. Additionally, the company has collaborations with CRISPR Therapeutics AG.; Moderna, Inc.; Entrada Therapeutics, Inc.; Arbor Biotechnologies, Inc.; Mammoth Biosciences, Inc.; and Verve Therapeutics., as well as collaborations with Tevard Biosciences to develop novel tRNA-based therapies for duchenne muscular dystrophy. Vertex Pharmaceuticals Incorporated was founded in 1989 and is headquartered in Boston, Massachusetts.",0.0024858338670705
BK,NYQ,The Bank of New York Mellon Cor,The Bank of New York Mellon Corporation,Financial Services,Asset Management,61.7,45532008448,,0.022,New York,NY,United States,52000.0,"The Bank of New York Mellon Corporation provides a range of financial products and services in the United States and internationally. The company operates through Securities Services, Market and Wealth Services, Investment and Wealth Management, and other segments. The Securities Services segment offers custody, trust and depositary, accounting, exchange-traded funds, middle-office solutions, transfer agency, services for private equity and real estate funds, foreign exchange, securities lending, liquidity/lending services, and data analytics. This segment also provides trustee, paying agency, fiduciary, escrow and other financial, issuer, and support services for brokers and investors. The Market and Wealth Services segment offers clearing and custody, investment, wealth and retirement solutions, technology and enterprise data management, trading, and prime brokerage services. This segment also provides integrated cash management solutions, including payments, foreign exchange, liquidity management, receivables processing and payables management, and trade finance and processing services. The Investment and Wealth Management segment offers investment management strategies and distribution of investment products, investment management, custody, wealth and estate planning, private banking, investment, and information management services. The Other segment engages in the provision of leasing, corporate treasury, derivative and other trading, corporate and bank-owned life insurance, renewable energy investment, and business exit services. It serves central banks and sovereigns, financial institutions, asset managers, insurance companies, corporations, local authorities and high net-worth individuals, and family offices. The Bank of New York Mellon Corporation was founded in 1784 and is headquartered in New York, New York.",0.0009412697931407
ALL,NYQ,Allstate Corporation (The),The Allstate Corporation,Financial Services,Insurance - Property & Casualty,170.67,45063876608,4832999936.0,0.124,Northbrook,IL,United States,53000.0,"The Allstate Corporation, together with its subsidiaries, provides property and casualty, and other insurance products in the United States and Canada. It operates in five segments: Allstate Protection; Protection Services; Allstate Health and Benefits; Run-off Property-Liability; and Corporate and Other segments. The Allstate Protection segment offers private passenger auto and homeowners insurance; other personal lines products; and commercial lines products through agents, contact centers, and online. The Protection Services segment provides consumer product protection; protection and insurance products, including vehicle service contracts, guaranteed asset protection, road hazard tire and wheel, and paintless dent repair protection; and roadside assistance, device and mobile data collection services, and analytic solutions using automotive telematics information, as well as identity theft protection and remediation services. This segment also offers its products under various brands, including Allstate Protection Plans, Allstate Dealer Services, Allstate Roadside, Arity, Avail, and Allstate Identity Protection. The Allstate Health and Benefits segment provides life, accident, critical illness, short-term disability, and other health insurance products; stop-loss and fully insured group health products to employers; and short-term medical and medicare supplement insurance to individuals. The Run-off Property-Liability segment offers property and casualty insurance coverage that primarily relates to policies written during the 1960s through the mid-1980s. The Corporate and Other segment provides debt services, as well as non-insurance operations. It sells its products through agents, independent agents, call and contact centers, retailers, direct to consumer, wholesale partners, and affinity groups, as well as through online and mobile applications. The Allstate Corporation was founded in 1931 and is headquartered in Northbrook, Illinois.",0.0009315922415629
WY,NYQ,Weyerhaeuser Company,Weyerhaeuser Company,Real Estate,REIT - Specialty,31.15,22655862784,1494000000.0,-0.029,Seattle,WA,United States,9300.0,"Weyerhaeuser Company, one of the world's largest private owners of timberlands, began operations in 1900. We own or control approximately 11 million acres of timberlands in the U.S. and manage additional timberlands under long-term licenses in Canada. We manage these timberlands on a sustainable basis in compliance with internationally recognized forestry standards. We are also one of the largest manufacturers of wood products in North America. Our company is a real estate investment trust. In 2022, we generated $10.2 billion in net sales and employed approximately 9,200 people who serve customers worldwide. Our common stock trades on the New York Stock Exchange under the symbol WY.",0.000468357975038
OXY,NYQ,Occidental Petroleum Corporatio,Occidental Petroleum Corporation,Energy,Oil & Gas E&P,56.11,51407814656,12197999616.0,-0.173,Houston,TX,United States,12570.0,"Occidental Petroleum Corporation, together with its subsidiaries, engages in the acquisition, exploration, and development of oil and gas properties in the United States, the Middle East, and North Africa. It operates through three segments: Oil and Gas, Chemical, and Midstream and Marketing. The company's Oil and Gas segment explores for, develops, and produces oil and condensate, natural gas liquids (NGLs), and natural gas. Its Chemical segment manufactures and markets basic chemicals, including chlorine, caustic soda, chlorinated organics, potassium chemicals, ethylene dichloride, chlorinated isocyanurates, sodium silicates, and calcium chloride; and vinyls comprising vinyl chloride monomer, polyvinyl chloride, and ethylene. The Midstream and Marketing segment gathers, processes, transports, stores, purchases, and markets oil, condensate, NGLs, natural gas, carbon dioxide, and power. This segment also invests in entities. Occidental Petroleum Corporation was founded in 1920 and is headquartered in Houston, Texas.",0.001062738603379
ON,NMS,ON Semiconductor Corporation,ON Semiconductor Corporation,Technology,Semiconductors,66.39,28438554624,2986200064.0,-0.172,Scottsdale,AZ,United States,30000.0,"ON Semiconductor Corporation provides intelligent sensing and power solutions in the United States and internationally. The company operates through Power Solutions Group, Advanced Solutions Group, and Intelligent Sensing Group. Its intelligent power technologies enable the electrification of the automotive industry that allows for lighter and longer-range electric vehicles, empowers fast-charging systems, and propels sustainable energy for the solar strings, industrial power, and storage systems. In addition, the company offers analog, discrete, module, and integrated semiconductor products that perform multiple application functions, includes power switching and conversion, signal conditioning, circuit protection, signal amplification, and voltage regulation functions. Further, it designs and develops analog, mixed-signal, power management ICs and sensor interface devices for automotive, industrial, compute and mobile markets. Additionally, the company offers single photon detectors, including silicon photomultipliers and single photon avalanche diode arrays, as well as actuator drivers for autofocus and image stabilization for a broad base of end-users in the different end-markets. ON Semiconductor Corporation was incorporated in 1992 and is headquartered in Scottsdale, Arizona.",0.0005879018593859
EXC,NMS,Exelon Corporation,Exelon Corporation,Utilities,Utilities - Regulated Electric,37.84,37858918400,7094000128.0,0.113,Chicago,IL,United States,20000.0,"Exelon Corporation, a utility services holding company, engages in the energy distribution and transmission businesses in the United States and Canada. The company is involved in the purchase and regulated retail sale of electricity and natural gas, transmission and distribution of electricity, and distribution of natural gas to retail customers. It also offers support services, including legal, human resources, information technology, supply management, financial, engineering, customer operations, transmission and distribution planning, asset management, system operations, and power procurement services. It serves distribution utilities, municipalities, and financial institutions, as well as commercial, industrial, governmental, and residential customers. Exelon Corporation was incorporated in 1999 and is headquartered in Chicago, Illinois.",0.0007826462637069
UAL,NMS,"United Airlines Holdings, Inc.","United Airlines Holdings, Inc.",Industrials,Airlines,38.76,12745605120,7616000000.0,0.057,Chicago,IL,United States,106000.0,"United Airlines Holdings, Inc., through its subsidiaries, provides air transportation services in North America, Asia, Europe, Africa, the Pacific, the Middle East, and Latin America. The company transports people and cargo through its mainline and regional fleets. It also offers catering, ground handling, flight academy, and maintenance services for third parties. The company was formerly known as United Continental Holdings, Inc. and changed its name to United Airlines Holdings, Inc. in June 2019. United Airlines Holdings, Inc. was incorporated in 1968 and is headquartered in Chicago, Illinois.",0.0002634861387337
AKAM,NMS,"Akamai Technologies, Inc.","Akamai Technologies, Inc.",Technology,Software - Infrastructure,92.64,14110646272,1110920960.0,0.078,Cambridge,MA,United States,10250.0,"Akamai Technologies, Inc. provides cloud computing, security, and content delivery services in the United States and internationally. The company offers cloud solutions to keep infrastructure, websites, applications, application programming interfaces, and users safe from various cyberattacks and online threats while enhancing performance. It also provides web and mobile performance solutions to enable dynamic websites and applications; media delivery solutions, including video streaming and video player services, game and software delivery, broadcast operations, authoritative domain name system, resolution, and data and analytics; and cloud computing services, such as compute, storage, networking, database, and container management services to build, deploy, and secure applications and workloads. In addition, the company offers content delivery solutions; and an array of service and support to assist customers with integrating, configuring, optimizing, and managing its offerings. It sells its solutions through various channel partners. Akamai Technologies, Inc. was incorporated in 1998 and is headquartered in Cambridge, Massachusetts.",0.0002917052322147
SMCI,NMS,"Super Micro Computer, Inc.","Super Micro Computer, Inc.",Technology,Computer Hardware,492.7,28850788352,1304590720.0,1.43,San Jose,CA,United States,,"Super Micro Computer, Inc., together with its subsidiaries, develops and manufactures high performance server and storage solutions based on modular and open architecture in the United States, Europe, Asia, and internationally. Its solutions range from complete server, storage systems, modular blade servers, blades, workstations, full racks, networking devices, server sub-systems, server management software, and security software. The company provides application-optimized server solutions, rackmount and blade servers, storage, and subsystems and accessories; and server software management solutions, such as Server Management Suite, including Supermicro Server Manager, Supermicro Power Management software, Supermicro Update Manager, SuperCloud Composer, and SuperDoctor 5. In addition, it offers server subsystems and accessories comprising server boards, chassis, power supplies, and other accessories. Further, the company provides server and storage system integration, configuration, and software upgrade and update services; and technical documentation services, as well as identifies service requirements, creates and executes project plans, and conducts verification testing and technical documentation, and training services. Additionally, it offers help desk and on-site product support services for its server and storage systems; and customer support services, including ongoing maintenance and technical support for its products. The company provides its products to enterprise data centers, cloud computing, artificial intelligence, and 5G and edge computing markets. It sells its products through direct and indirect sales force, distributors, value-added resellers, system integrators, and original equipment manufacturers. The company was incorporated in 1993 and is headquartered in San Jose, California.",0.0005964238457666
LYV,NYQ,"Live Nation Entertainment, Inc.","Live Nation Entertainment, Inc.",Communication Services,Entertainment,90.09,20911149056,1813392000.0,0.07,Beverly Hills,CA,United States,14700.0,"Live Nation Entertainment, Inc. operates as a live entertainment company worldwide. It operates through Concerts, Ticketing, and Sponsorship & Advertising segments. The Concerts segment promotes live music events in its owned or operated venues, and in rented third-party venues. This segment operates and manages music venues; produces music festivals; creates and streams associated content; and offers management and other services to artists. The Ticketing segment manages the ticketing operations, including the provision of ticketing software and services to clients and consumers with marketplace for tickets and event information through mobile apps, other websites, retail outlets, and its primary websites, such as livenation.com and ticketmaster.com; and provides ticket resale services. This segment sells tickets for its events and third-party clients in various live event categories. This segment offers ticketing services for arenas, stadiums, amphitheaters, music clubs, concert promoters, professional sports franchises and leagues, college sports teams, performing arts venues, museums, and theaters. The Sponsorship & Advertising segment sells international, national, and local sponsorships and placement of advertising, including signage, online, and promotional programs; rich media offering that comprises advertising related with live streaming and music-related content; and ads across its distribution network of venues, events, and websites. This segment also manages the development of strategic sponsorship programs, as well as develops, books, and produces custom events or programs for specific brands. It owns, operates, or leases entertainment venues. The company was formerly known as Live Nation, Inc. and changed its name to Live Nation Entertainment, Inc. in January 2010. Live Nation Entertainment, Inc. was incorporated in 2005 and is based in Beverly Hills, California.",0.0004322900222764
AMD,NMS,"Advanced Micro Devices, Inc.","Advanced Micro Devices, Inc.",Technology,Semiconductors,128.67,208249815040,4046000128.0,0.089,Santa Clara,CA,United States,26000.0,"Advanced Micro Devices, Inc. operates as a semiconductor company worldwide. It operates through Data Center, Client, Gaming, and Embedded segments. The company offers x86 microprocessors and graphics processing units (GPUs) as an accelerated processing unit, chipsets, data center, and professional GPUs; and embedded processors, and semi-custom system-on-chip (SoC) products, microprocessor and SoC development services and technology, data processing unites, field programmable gate arrays (FPGA), and adaptive SoC products. It provides processors under the AMD Ryzen, AMD Ryzen PRO, Ryzen Threadripper, Ryzen Threadripper PRO, AMD Athlon, AMD Athlon PRO, and AMD PRO A-Series brand names; graphics under the AMD Radeon graphics and AMD Embedded Radeon graphics; and professional graphics under the AMD Radeon Pro graphics brand name. In addition, the company offers data center graphics under the Radeon Instinct and Radeon PRO V-series brands, as well as servers under the AMD Instinct accelerators brand; server microprocessors under the AMD EPYC brands; low power solutions under the AMD Athlon, AMD Geode, AMD Ryzen, AMD EPYC, AMD R-Series, and G-Series brands; FPGA products under the Virtex-6, Virtex-7, Virtex UltraScale+, Kintex-7, Kintex UltraScale, Kintex UltraScale+, Artix-7, Artix UltraScale+, Spartan-6, and Spartan-7 brands; adaptive SOCs under the Zynq-7000, Zynq UltraScale+ MPSoC, Zynq UltraScale+ RFSoCs, Versal HBM, Versal Premium, Versal Prime, Versal AI Core, Versal AI Edge, Vitis, and Vivado brands; and compute and network acceleration board products under the Alveo brand. It serves original equipment and design manufacturers, public cloud service providers, system integrators, independent distributors, and add-in-board manufacturers through its direct sales force, and sales representatives. Advanced Micro Devices, Inc. was incorporated in 1969 and is headquartered in Santa Clara, California.",0.0043050870586605
VLO,NYQ,Valero Energy Corporation,Valero Energy Corporation,Energy,Oil & Gas Refining & Marketing,148.27,47502745600,10814999552.0,-0.001,San Antonio,TX,United States,9886.0,"Valero Energy Corporation manufactures, markets, and sells petroleum-based and low-carbon liquid transportation fuels and petrochemical products in the United States, Canada, the United Kingdom, Ireland, Latin America, Mexico, Peru, and internationally. It operates through three segments: Refining, Renewable Diesel, and Ethanol. The company produces California Reformulated Gasoline Blendstock for Oxygenate Blending and Conventional Blendstock for Oxygenate Blending gasolines, CARB diesel, diesel, jet fuel, heating oil, and asphalt; feedstocks; aromatics; sulfur and residual fuel oil; intermediate oils; and sulfur, sweet, and sour crude oils. It sells its refined products through wholesale rack and bulk markets; and through outlets under the Valero, Beacon, Diamond Shamrock, Shamrock, Ultramar, and Texaco brands. The company owns and operates renewable diesel and ethanol plants, as well as produces renewable diesel and naphtha under the Diamond Green Diesel brand name. In addition, it offers ethanol and various co-products, including dry distiller grains, syrup, and inedible distillers corn oil to animal feed customers. The company was formerly known as Valero Refining and Marketing Company and changed its name to Valero Energy Corporation in August 1997. Valero Energy Corporation was founded in 1980 and is headquartered in San Antonio, Texas.",0.0009820102615415
NI,NYQ,NiSource Inc,NiSource Inc.,Utilities,Utilities - Regulated Gas,31.1,13942285312,2181400064.0,-0.132,Merrillville,IN,United States,7364.0,"NiSource Inc., an energy holding company, operates as a regulated natural gas and electric utility company in the United States. It operates in two segments, Gas Distribution Operations and Electric Operations. The company distributes natural gas to approximately 3.3 million customers through approximately 55,000 miles of distribution main pipeline and the associated individual customer service lines; and 1,000 miles of transmission main pipeline in northern Indiana, Ohio, Pennsylvania, Virginia, Kentucky, and Maryland. It also generates, transmits, and distributes electricity to approximately 0.5 million customers in various counties in the northern part of Indiana, as well as engages in wholesale electric and transmission transactions. It owns and operates coal-fired electric generating stations in Wheatfield and Michigan City; combined cycle gas turbine in West Terre Haute; natural gas generating units in Wheatfield; hydro generating plants in Carroll County and White County; wind generating units in White County, Indiana; and solar generating units in Jasper County and White County. The company was formerly known as NIPSCO Industries, Inc. and changed its name to NiSource Inc. in April 1999. NiSource Inc. was founded in 1847 and is headquartered in Merrillville, Indiana.",0.0002882247557017
DRI,NYQ,"Darden Restaurants, Inc.","Darden Restaurants, Inc.",Consumer Cyclical,Restaurants,141.86,17147043840,1763600000.0,0.068,Orlando,FL,United States,191105.0,"Darden Restaurants, Inc., together with its subsidiaries, owns and operates full-service restaurants in the United States and Canada. It operates under Olive Garden, LongHorn Steakhouse, Cheddar's Scratch Kitchen, Yard House, The Capital Grille, Seasons 52, Bahama Breeze, Eddie V's Prime Seafood, and Capital Burger brand names. Darden Restaurants, Inc. was incorporated in 1995 and is based in Orlando, Florida.",0.0003544757843635
SJM,NYQ,The J.M. Smucker Company,The J. M. Smucker Company,Consumer Defensive,Packaged Foods,119.48,12716615680,1881400064.0,-0.013,Orrville,OH,United States,9000.0,"The J. M. Smucker Company manufactures and markets branded food and beverage products worldwide. It operates in four segments: U.S. Retail Coffee, U.S. Retail Frozen Handheld and Spreads, U.S. Retail Pet Foods, and Sweet Baked Snacks. The company offers coffee, pet snacks, peanut butter, cat food, frozen handheld products, sweet baked goods, fruit and specialty spreads, portion control products, baking mixes and ingredients, toppings and syrups, dog food, cookies, frozen sandwiches and snacks, hot beverages, frozen handheld products, and flour. It provides its products under the Folgers, Café Bustelo, Dunkin', Jif, Smucker's, Smucker's Uncrustables, Meow Mix, Milk-Bone, Pup-Peroni, Canine Carry Outs, Hostess, Voortman, 1850, Robin Hood, and Five Roses brands. The company sells its products through direct sales and brokers to food retailers, club stores, discount and dollar stores, online retailers, pet specialty stores, distributors, drug stores, military commissaries, mass merchandisers, supermarket chains, national mass retailers, convenience stores, vending channels, and foodservice distributors and operators. The J. M. Smucker Company was founded in 1897 and is headquartered in Orrville, Ohio.",0.0002628868485833
VLTO,NYQ,Veralto Corp,Veralto Corporation,Industrials,Pollution & Treatment Controls,104.23,25755858944,1240999936.0,0.028,Waltham,MA,United States,16000.0,"Veralto Corporation provides water analytics, water treatment, marking and coding, and packaging and color services worldwide. It operates through two segments, Water Quality (WQ) and Product Quality & Innovation (PQI). The WQ segment offers precision instrumentation and water treatment technologies to measure, analyze, and treat water in residential, commercial, municipal, industrial, research, and natural resource applications through the Hach, Trojan Technologies, and ChemTreat brands. This segment provides water solutions, including chemical reagents, services, and digital solutions. The PQI segment offers inline printing solutions for products and packaging with marking and coding systems; marking and coding for packaged goods and related consumables; design software and imaging systems for the creation of new packaging designs; color management solutions for printed packages and consumer and industrial products; color standard services for the design industry; and a software solution that provides digital asset management, marketing resource management, and product information management. This segment sells its products and services through the Videojet, Linx, Esko, X-Rite, and Pantone brands to regulated industries, including municipal utilities, food and beverage, pharmaceutical, and industrials. The company was formerly known as DH EAS Holding Corp. and changed its name to Veralto Corporation in February 2023. Veralto Corporation was incorporated in 2022 and is headquartered in Waltham, Massachusetts.",0.0005324432821378
MAS,NYQ,Masco Corporation,Masco Corporation,Industrials,Building Products & Equipment,72.15,15746665472,1520000000.0,-0.017,Livonia,MI,United States,18000.0,"Masco Corporation designs, manufactures, and distributes home improvement and building products in North America, Europe, and internationally. The company's Plumbing Products segment offers faucets, showerheads, handheld showers, valves, bath hardware and accessories, bathing units, shower bases and enclosures, sinks, toilets, acrylic tubs, shower trays, spas, exercise pools, and fitness systems; brass, copper, and composite plumbing system components; connected water products; thermoplastic solutions, extruded plastic profiles, specialized fabrications, and PEX tubing products; and other non-decorative plumbing products. This segment provides its products under the DELTA, BRIZO, PEERLESS, HANSGROHE, AXOR, KRAUS, EASY DRAIN, STEAMIST, ELITESTEAM, GINGER, NEWPORT BRASS, BRASSTECH, WALTEC, BRISTAN, HERITAGE, MIROLIN, HOT SPRING, CALDERA, FREEFLOW SPAS, FANTASY SPAS, ENDLESS POOLS, BRASSCRAFT, PLUMB SHOP, COBRA, COBRA PRO, and MASTER PLUMBER brands. Its Decorative Architectural Products segment offers paints, primers, specialty coatings, stains, and waterproofing products, as well as paint applicators and accessories; cabinet and door hardware, functional hardware, wall plates, hook and rail products, closet organization systems, and picture hanging accessories; decorative bath hardware, mirrors, and shower accessories and doors; and decorative indoor and outdoor lighting fixtures, ceiling fans, landscape lighting, and LED lighting systems. This segment provides its products under the BEHR, KILZ, WHIZZ, Elder & Jenks, LIBERTY, BRAINERD, FRANKLIN BRASS, KICHLER, and ÉLAN brands. It sells its products to the plumbing, heating, and hardware wholesalers; home centers and online retailers; hardware stores; electrical and landscape distributors; lighting showrooms; building supply outlets; and other mass merchandisers. Masco Corporation was incorporated in 1929 and is headquartered in Livonia, Michigan.",0.0003255261750294
CMG,NYQ,"Chipotle Mexican Grill, Inc.","Chipotle Mexican Grill, Inc.",Consumer Cyclical,Restaurants,53.63,73445212160,2141595008.0,0.182,Newport Beach,CA,United States,120000.0,"Chipotle Mexican Grill, Inc., together with its subsidiaries, owns and operates Chipotle Mexican Grill restaurants. It sells food and beverages through offering burritos, burrito bowls, quesadillas, tacos, and salads. The company also provides delivery and related services its app and website. It has operations in the United States, Canada, France, Germany, and the United Kingdom. Chipotle Mexican Grill, Inc. was founded in 1993 and is headquartered in Newport Beach, California.",0.0015183112279348
